{"train_loss": [1.5965521981789603, 0.21843180635952836, 0.05815569351105046, 0.02381692349610594, 0.025035254562370726, 0.031360410401041476, 0.018273008378196103], "train_acc1": [0.7464423361992292, 0.9742810554402609, 0.9962941002075304, 0.9989623480581085, 0.9968129261784762, 0.9955529202490365, 0.9978505781203676], "train_acc5": [0.8943077379187667, 0.9983694040913134, 0.9998517640083012, 1.0, 0.9999258820041506, 1.0, 0.9997035280166024], "val_loss": [0.39205082319676876, 0.225015138508752, 0.16763422533404082, 0.07859666057629511, 0.1547257440397516, 0.13210285524837673, 0.10648792033316568], "val_acc1": [0.952, 0.958, 0.964, 0.982, 0.956, 0.972, 0.97], "val_acc5": [0.996, 0.996, 1.0, 1.0, 1.0, 0.998, 1.0]}