{"train_loss": [1.5943420043135705, 0.15177366537399484, 0.04840798982997288, 0.025123374048902948, 0.023960483162244563, 0.02616991113012842, 0.02851838030040229], "train_acc1": [0.7705306848502816, 0.9790987251704714, 0.9945893863029943, 0.9973317521494219, 0.9957011562407353, 0.9956270382448859, 0.9930329083901571], "train_acc5": [0.9058701452712719, 0.9988141120664097, 0.9998517640083012, 1.0, 1.0, 0.9999258820041506, 0.9998517640083012], "val_loss": [0.16480683023110032, 0.06357858859701082, 0.038407048559747636, 0.018253375688800588, 0.040905435831518844, 0.09220246939730714, 0.06982345102005638], "val_acc1": [0.98, 0.984, 0.988, 0.998, 0.988, 0.98, 0.984], "val_acc5": [1.0, 1.0, 1.0, 1.0, 0.998, 1.0, 1.0]}