{
    "train_losses": [
        4.343526785524146,
        0.7727473771326172,
        0.5967045894742591,
        0.6464404999414115,
        0.5185653557910502,
        0.4393138965429033,
        0.4047851888372481,
        0.3368398407202901,
        0.35161412644733503,
        0.25122558211600315,
        0.24282176052988733,
        0.22931091633887546,
        0.2117591866120262
    ],
    "val_losses": [
        1.0707541875766986,
        0.7361964262796171,
        0.7118834981864149,
        0.6496100782444982,
        0.5318865082932241,
        0.49890012136011413,
        0.4786069704727693,
        0.47102744685429515,
        0.35740894575913745,
        0.31606265925096744,
        0.4016946124082262,
        0.3586112584241412,
        0.43498569027040945
    ]
}